-- MySQL Administrator dump 1.4
--
-- ------------------------------------------------------
-- Server version	5.5.16


/*!40101 SET @OLD_CHARACTER_SET_CLIENT = @@CHARACTER_SET_CLIENT */;
/*!40101 SET @OLD_CHARACTER_SET_RESULTS = @@CHARACTER_SET_RESULTS */;
/*!40101 SET @OLD_COLLATION_CONNECTION = @@COLLATION_CONNECTION */;
/*!40101 SET NAMES utf8 */;

/*!40014 SET @OLD_UNIQUE_CHECKS = @@UNIQUE_CHECKS, UNIQUE_CHECKS = 0 */;
/*!40014 SET @OLD_FOREIGN_KEY_CHECKS = @@FOREIGN_KEY_CHECKS, FOREIGN_KEY_CHECKS = 0 */;
/*!40101 SET @OLD_SQL_MODE = @@SQL_MODE, SQL_MODE = 'NO_AUTO_VALUE_ON_ZERO' */;

--
-- Create schema testssss
--

CREATE DATABASE IF NOT EXISTS testssss;
USE testssss;

--
-- Definition of table `city`
--

DROP TABLE IF EXISTS `city`;
CREATE TABLE `city` (
  `id`   INT(11)      NOT NULL AUTO_INCREMENT,
  `code` VARCHAR(255)          DEFAULT NULL,
  `name` VARCHAR(255) NOT NULL,
  PRIMARY KEY (`id`)
)
  ENGINE = InnoDB
  AUTO_INCREMENT = 23
  DEFAULT CHARSET = utf8;

--
-- Dumping data for table `city`
--

/*!40000 ALTER TABLE `city`
  DISABLE KEYS */;
INSERT INTO `city_provinces` (`id`, `code`, `name`) VALUES
  (1, '01', 'Архангай'),
  (2, '02', 'Баян-Өлгий'),
  (3, '03', 'Баянхонгор'),
  (4, '04', 'Булган'),
  (5, '05', 'Говь-Алтай'),
  (6, '06', 'Дорноговь'),
  (7, '07', 'Дорнод'),
  (8, '08', 'Дундговь'),
  (9, '09', 'Завхан'),
  (10, '10', 'Өвөрхангай'),
  (11, '11', 'Өмнөговь'),
  (12, '12', 'Сүхбаатар'),
  (13, '13', 'Сэлэнгэ'),
  (14, '14', 'Төв'),
  (15, '15', 'Увс'),
  (16, '16', 'Ховд'),
  (17, '17', 'Хөвсгөл'),
  (18, '18', 'Хэнтий'),
  (19, '19', 'Дархан-Уул'),
  (20, '20', 'Улаанбаатар'),
  (21, '21', 'Орхон'),
  (22, '22', 'Говьсүмбэр');
/*!40000 ALTER TABLE `city`
  ENABLE KEYS */;

--
-- Definition of table `district`
--

DROP TABLE IF EXISTS `district`;
CREATE TABLE `district` (
  `id`      INT(11) NOT NULL AUTO_INCREMENT,
  `code`    VARCHAR(255)     DEFAULT NULL,
  `name`    VARCHAR(255)     DEFAULT NULL,
  `city_id` INT(11)          DEFAULT NULL,
  PRIMARY KEY (`id`),
  KEY `FKE75777C742FC1626` (`city_id`),
  CONSTRAINT `FKE75777C742FC1626` FOREIGN KEY (`city_id`) REFERENCES `city` (`id`)
)
  ENGINE = InnoDB
  AUTO_INCREMENT = 356
  DEFAULT CHARSET = utf8;

--
-- Dumping data for table `district`
--

/*!40000 ALTER TABLE `district`
  DISABLE KEYS */;
INSERT INTO `sum_districts` (`id`, `code`, `name`, `city_province_id`) VALUES
  (1, '1', 'Батцэнгэл', 1),
  (2, '2', 'Булган', 1),
  (3, '3', 'Жаргалант', 1),
  (4, '4', 'Их Тамир', 1),
  (5, '5', 'Өндөр-Улаан', 1),
  (6, '6', 'Өлзийт', 1),
  (7, '7', 'Өгий нуур', 1),
  (8, '8', 'Тариат', 1),
  (9, '9', 'Түвшрүүлэх', 1),
  (10, '10', 'Хангай', 1),
  (11, '11', 'Хайрхан', 1),
  (12, '12', 'Хашаат', 1),
  (13, '13', 'Хотонт', 1),
  (14, '14', 'Цэцэрлэг', 1),
  (15, '15', 'Цэнхэр', 1),
  (16, '16', 'Чулуут', 1),
  (17, '17', 'Эрдэнэмандал', 1),
  (18, '18', 'Цахир', 1),
  (19, '19', 'Хоршоолол', 1),
  (20, '30', 'Цэцэрлэг', 1),
  (21, '1', 'Алтай', 2),
  (22, '2', 'Алтанцөгц', 2),
  (23, '3', 'Баяннуур', 2),
  (24, '4', 'Бугат', 2),
  (25, '5', 'Булган', 2),
  (26, '6', 'Буянт', 2),
  (27, '7', 'Дэлүүн', 2),
  (28, '8', 'Ногоон нуур', 2),
  (29, '9', 'Сагсай', 2),
  (30, '10', 'Толбо', 2),
  (31, '11', 'Улаан хус', 2),
  (32, '12', 'Цэнгэл', 2),
  (33, '13', 'Цагаан нуур', 2),
  (34, '30', 'Өлгий', 2),
  (35, '1', 'Баянбулаг', 3),
  (36, '2', 'Баянговь', 3),
  (37, '3', 'Баянлиг', 3),
  (38, '4', 'Баян-Овоо', 3),
  (39, '5', 'Баян-Өндөр', 3),
  (40, '6', 'Баянцагаан', 3),
  (41, '7', 'Баацагаан', 3),
  (42, '8', 'Богд', 3),
  (43, '9', 'Бөмбөгөр', 3),
  (44, '10', 'Бууцагаан', 3),
  (45, '11', 'Галуут', 3),
  (46, '12', 'Гурван булаг', 3),
  (47, '13', 'Жаргалант', 3),
  (48, '14', 'Жинст', 3),
  (49, '15', 'Заг', 3),
  (50, '16', 'Өлзийт', 3),
  (51, '17', 'Хүрээмарал', 3),
  (52, '18', 'Шинэжинст', 3),
  (53, '19', 'Эрдэнэцогт', 3),
  (54, '20', 'Шаргалжуут', 3),
  (55, '30', 'Баянхонгор', 3),
  (56, '1', 'Баян-Агт', 4),
  (57, '2', 'Бугат', 4),
  (58, '3', 'Бүрэгхангай', 4),
  (59, '4', 'Гурванбулаг', 4),
  (60, '5', 'Дашинчилэн', 4),
  (61, '6', 'Могод', 4),
  (62, '7', 'Орхон', 4),
  (63, '8', 'Сайхан', 4),
  (64, '9', 'Сэлэнгэ', 4),
  (65, '10', 'Тэшиг', 4),
  (66, '11', 'Хангал', 4),
  (67, '12', 'Хишиг-Өндөр', 4),
  (68, '13', 'Хутагт-Өндөр', 4),
  (69, '14', 'Баяннуур', 4),
  (70, '15', 'Рашаант', 4),
  (71, '16', 'Сансар', 4),
  (72, '17', 'Хялганат', 4),
  (73, '30', 'Булган', 4),
  (74, '1', 'Алтай', 5),
  (75, '2', 'Баян-Уул', 5),
  (76, '3', 'Бигэр', 5),
  (77, '4', 'Бугат', 5),
  (78, '5', 'Дарви', 5),
  (79, '6', 'Дэлгэр', 5),
  (80, '7', 'Жаргалан', 5),
  (81, '8', 'Тайшир', 5),
  (82, '9', 'Тонхил', 5),
  (83, '10', 'Төгрөг', 5),
  (84, '11', 'Халиун', 5),
  (85, '12', 'Хөхморьт', 5),
  (86, '13', 'Цогт', 5),
  (87, '14', 'Цээл', 5),
  (88, '15', 'Чандмана', 5),
  (89, '16', 'Шарга', 5),
  (90, '17', 'Эрдэнэ', 5),
  (91, '18', 'Гуулин', 5),
  (92, '30', 'Есөнбулаг', 5),
  (93, '1', 'Айраг', 6),
  (94, '2', 'Алтанширээ', 6),
  (95, '3', 'Даланжаргалан', 6),
  (96, '4', 'Дэлгэрэх', 6),
  (97, '5', 'Иххэт', 6),
  (98, '6', 'Мандах', 6),
  (99, '7', 'Өргөн', 6),
  (100, '8', 'Сайхандулаан', 6),
  (101, '9', 'Улаанбадрах', 6),
  (102, '10', 'Хатанбулаг', 6),
  (103, '11', 'Хөвсгөл', 6),
  (104, '12', 'Эрдэнэ', 6),
  (105, '13', 'Замын-Үүд', 6),
  (106, '14', 'Зүүнбаян', 6),
  (107, '30', 'Сайншанд', 6),
  (108, '1', 'Баяндун', 7),
  (109, '2', 'Баянтүмэн', 7),
  (110, '3', 'Баян-Уул', 7),
  (111, '4', 'Булган', 7),
  (112, '5', 'Гурванзагал', 7),
  (113, '6', 'Дашбалбар', 7),
  (114, '7', 'Матад', 7),
  (115, '8', 'Сэргэлэн', 7),
  (116, '9', 'Халх гол', 7),
  (117, '10', 'Хөлөнбуйр', 7),
  (118, '11', 'Цагаан-Овоо', 7),
  (119, '12', 'Чулуун хороот', 7),
  (120, '13', 'Чойбалсан', 7),
  (121, '30', 'Хэрлэн', 7),
  (122, '1', 'Адаацаг', 8),
  (123, '2', 'Баянжаргалан', 8),
  (124, '3', 'Говь-Угтаал', 8),
  (125, '4', 'Гурвансайхан', 8),
  (126, '5', 'Дэлгэрхангай', 8),
  (127, '6', 'Дэлгэрцогт', 8),
  (128, '7', 'Дэрэн', 8),
  (129, '8', 'Луус', 8),
  (130, '9', 'Өлзийт', 8),
  (131, '10', 'Өндөршил', 8),
  (132, '11', 'Сайнцагаан', 8),
  (133, '12', 'Сайхан-Овоо', 8),
  (134, '13', 'Хулд', 8),
  (135, '14', 'Цагаандэлгэр', 8),
  (136, '16', 'Эрдэнэдалай', 8),
  (137, '30', 'Мандалговь', 8),
  (138, '1', 'Алдархаан', 9),
  (139, '2', 'Баянтэс', 9),
  (140, '3', 'Баянхайрхан', 9),
  (141, '4', 'Булнай', 9),
  (142, '5', 'Дөрвөлжин', 9),
  (143, '6', 'Завханмандал', 9),
  (144, '7', 'Идэр', 9),
  (145, '8', 'Их-Уул', 9),
  (146, '9', 'Нөмрөг', 9),
  (147, '10', 'Отгон', 9),
  (148, '11', 'Сантмаргац', 9),
  (149, '12', 'Сонгино', 9),
  (150, '13', 'Түдэвтэй', 9),
  (151, '14', 'Тэлмэн', 9),
  (152, '15', 'Тэс', 9),
  (153, '16', 'Ургамал', 9),
  (154, '17', 'Цагаанхайрхан', 9),
  (155, '18', 'Цагаанчулуут', 9),
  (156, '19', 'Цэцэн-Уул', 9),
  (157, '20', 'Шилүүстэй', 9),
  (158, '21', 'Эрдэнэхайрхан', 9),
  (159, '22', 'Яруу', 9),
  (160, '23', 'Асгат', 9),
  (161, '30', 'Даланзадгад', 9),
  (162, '1', 'Баруунбаян-Улаан', 10),
  (163, '2', 'Бат-Өлзийт', 10),
  (164, '3', 'Баянгол', 10),
  (165, '4', 'Баян-Өндөр', 10),
  (166, '5', 'Богд', 10),
  (167, '6', 'Бүрд', 10),
  (168, '7', 'Гучин-Ус', 10),
  (169, '8', 'Зүйл', 10),
  (170, '9', 'Зүүнбаян-Улаан', 10),
  (171, '10', 'Нарийнтээл', 10),
  (172, '11', 'Өлзийт', 10),
  (173, '12', 'Сант', 10),
  (174, '13', 'Тарагт', 10),
  (175, '14', 'Төгрөг', 10),
  (176, '15', 'Уянга', 10),
  (177, '16', 'Хайрхандулаан', 10),
  (178, '17', 'Хархорин', 10),
  (179, '18', 'Хужирт', 10),
  (180, '19', 'Баянтээг', 10),
  (181, '20', 'Их-Уул', 10),
  (182, '30', 'Арвайхээр', 10),
  (183, '1', 'Баяндалай', 11),
  (184, '2', 'Баяновоо', 11),
  (185, '3', 'Булган', 11),
  (186, '4', 'Гурвантэс', 11),
  (187, '5', 'Мандал-Овоо', 11),
  (188, '6', 'Манлай', 11),
  (189, '7', 'Номгон', 11),
  (190, '8', 'Ноён', 11),
  (191, '9', 'Сэврэй', 11),
  (192, '10', 'Ханбогд', 11),
  (193, '11', 'Ханхонгор', 11),
  (194, '12', 'Хүрмэн', 11),
  (195, '13', 'Цогт-Овоо', 11),
  (196, '14', 'Цогтцэций', 11),
  (197, '30', 'Даланзадгад', 11),
  (198, '1', 'Асгат', 12),
  (199, '2', 'Баяндэлгэр', 12),
  (200, '3', 'Дарьганга', 12),
  (201, '4', 'Мөнххаан', 12),
  (202, '5', 'Наран', 12),
  (203, '6', 'Онгон', 12),
  (204, '7', 'Сүхбаатар', 12),
  (205, '8', 'Түвшинширээ', 12),
  (206, '9', 'Түмэнцогт', 12),
  (207, '10', 'Уулбаян', 12),
  (208, '11', 'Халзан', 12),
  (209, '12', 'Эрдэнэцагаан', 12),
  (210, '13', 'Бүрэнцогт', 12),
  (211, '30', 'Баруун-Урт', 12),
  (212, '1', 'Алтанбулаг', 13),
  (213, '2', 'Баянгол', 13),
  (214, '3', 'Баруунбүрэн', 13),
  (215, '4', 'Ерөө', 13),
  (216, '5', 'Зүүнбүрэн', 13),
  (217, '6', 'Мандал', 13),
  (218, '7', 'Орхон', 13),
  (219, '8', 'Орхонтуул', 13),
  (220, '9', 'Сайхан', 13),
  (221, '10', 'Сант', 13),
  (222, '11', 'Түшиг', 13),
  (223, '12', 'Шаамар', 13),
  (224, '13', 'Хүдэр', 13),
  (225, '14', 'Жавхлант', 13),
  (226, '15', 'Цагааннуур', 13),
  (227, '16', 'Хушаат', 13),
  (228, '30', 'Сүхбаатар', 13),
  (229, '1', 'Алтанбулаг', 14),
  (230, '2', 'Батсүмбэр', 14),
  (231, '3', 'Баян', 14),
  (232, '4', 'Баян-Өнжүүл', 14),
  (233, '5', 'Баяндэлгэр', 14),
  (234, '6', 'Баянжаргалан', 14),
  (235, '7', 'Баянцагаан', 14),
  (236, '8', 'Баянцогт', 14),
  (237, '9', 'Борнуур', 14),
  (238, '10', 'Бүрэн', 14),
  (239, '11', 'Дэлгэрхаан', 14),
  (240, '12', 'Жаргалант', 14),
  (241, '13', 'Заамар', 14),
  (242, '14', 'Лүн', 14),
  (243, '15', 'Мөнгөнморьт', 14),
  (244, '16', 'Өндөрширээт', 14),
  (245, '17', 'Сэргэлэн', 14),
  (246, '18', 'Угтаал', 14),
  (247, '19', 'Эрдэнэ', 14),
  (248, '20', 'Эрдэнэсант', 14),
  (249, '21', 'Баянчандмань', 14),
  (250, '22', 'Сүмбэр', 14),
  (251, '23', 'Цээл', 14),
  (252, '24', 'Баянхангай', 14),
  (253, '25', 'Аргалант', 14),
  (254, '26', 'Архуст', 14),
  (255, '30', 'Зуунмод', 14),
  (256, '1', 'Баруунтуруун', 15),
  (257, '2', 'Бөхмөрөн', 15),
  (258, '3', 'Давст', 15),
  (259, '4', 'Завхан', 15),
  (260, '5', 'Зүүнговь', 15),
  (261, '6', 'Зүүнхангай', 15),
  (262, '7', 'Малчин', 15),
  (263, '8', 'Наранбулаг', 15),
  (264, '9', 'Өлгий', 15),
  (265, '10', 'Өмнөговь', 15),
  (266, '11', 'Өндөрхангай', 15),
  (267, '12', 'Сагил', 15),
  (268, '13', 'Тариалан', 15),
  (269, '14', 'Түргэн', 15),
  (270, '15', 'Тэс', 15),
  (271, '16', 'Ховд', 15),
  (272, '17', 'Хяргас', 15),
  (273, '18', 'Цагаанхайрхан', 15),
  (274, '30', 'Улаангом', 15),
  (275, '1', 'Алтай', 16),
  (276, '2', 'Булган', 16),
  (277, '3', 'Буянт', 16),
  (278, '4', 'Дарви', 16),
  (279, '5', 'Дуут', 16),
  (280, '6', 'Зэрэг', 16),
  (281, '7', 'Манхан', 16),
  (282, '8', 'Мянгад', 16),
  (283, '9', 'Мөст', 16),
  (284, '10', 'Мөнххайрхан', 16),
  (285, '11', 'Үенч', 16),
  (286, '12', 'Ховд', 16),
  (287, '13', 'Цэцэг', 16),
  (288, '14', 'Чандмань', 16),
  (289, '15', 'Эрдэнэбүрэн', 16),
  (290, '16', 'Дөргөн', 16),
  (291, '30', 'Ховд', 16),
  (292, '1', 'Алаг-Эрдэнэ', 17),
  (293, '2', 'Арбулаг', 17),
  (294, '3', 'Баянзүрх', 17),
  (295, '4', 'Бүрэнтогтох', 17),
  (296, '5', 'Галт', 17),
  (297, '6', 'Жаргалант', 17),
  (298, '7', 'Их-Уул', 17),
  (299, '8', 'Рашаант', 17),
  (300, '9', 'Ринчинлхүмбэ', 17),
  (301, '10', 'Тариалан', 17),
  (302, '11', 'Тосонцэнгэл', 17),
  (303, '12', 'Төмөрбулаг', 17),
  (304, '13', 'Түнэл', 17),
  (305, '14', 'Улаан-Уул', 17),
  (306, '15', 'Ханх', 17),
  (307, '16', 'Цагаан-Уул', 17),
  (308, '17', 'Цагаан-Үүр', 17),
  (309, '18', 'Цэцэрлэг', 17),
  (310, '19', 'Чандмана-Өндөр', 17),
  (311, '20', 'Шинэ-Идэр', 17),
  (312, '21', 'Хатгал', 17),
  (313, '22', 'Цагаан нуур', 17),
  (314, '23', 'Эрдэнэбулган', 17),
  (315, '30', 'Мөрөн', 17),
  (316, '1', 'Батноров', 18),
  (317, '2', 'Батширээт', 18),
  (318, '3', 'Баян-Адрага', 18),
  (319, '4', 'Баянмөнх', 18),
  (320, '5', 'Баян-Овоо', 18),
  (321, '6', 'Баянхутагт', 18),
  (322, '7', 'Биндэр', 18),
  (323, '8', 'Галшир', 18),
  (324, '9', 'Дадал', 18),
  (325, '10', 'Дархан', 18),
  (326, '11', 'Дэлгэрхаан', 18),
  (327, '12', 'Жаргалтхаан', 18),
  (328, '13', 'Мөрөн', 18),
  (329, '14', 'Норовлин', 18),
  (330, '15', 'Өмнөдэлгэр', 18),
  (331, '16', 'Хэрлэн', 18),
  (332, '17', 'Цэнхэрмандал', 18),
  (333, '18', 'Бэрх', 18),
  (334, '19', 'Өлзийт', 18),
  (335, '20', 'Бор-Өндөр', 18),
  (336, '21', 'Гурванбулаг', 18),
  (337, '30', 'Өндөрхаан', 18),
  (338, '1', 'Хонгор', 19),
  (339, '2', 'Орхон', 19),
  (340, '3', 'Шарын гол', 19),
  (341, '30', 'Дархан', 19),
  (342, '1', 'Баянгол', 20),
  (343, '2', 'Баянзүрх', 20),
  (344, '3', 'Сонгинохайрхан', 20),
  (345, '4', 'Сүхбаатар', 20),
  (346, '5', 'Хан-Уул', 20),
  (347, '6', 'Чингэлтэй', 20),
  (348, '7', 'Налайх', 20),
  (349, '8', 'Багануур', 20),
  (350, '9', 'Багахангай', 20),
  (351, '1', 'Жаргалант', 21),
  (352, '30', 'Орхон', 21),
  (353, '1', 'Баянтал', 22),
  (354, '2', 'Шивээговь', 22),
  (355, '3', 'Чойр', 22);
/*!40000 ALTER TABLE `district`
  ENABLE KEYS */;

--
-- Definition of table `khoroo`
--

DROP TABLE IF EXISTS `khoroo`;
CREATE TABLE `khoroo` (
  `id`          INT(11) NOT NULL AUTO_INCREMENT,
  `name`        VARCHAR(255)     DEFAULT NULL,
  `city_id`     INT(11)          DEFAULT NULL,
  `district_id` INT(11)          DEFAULT NULL,
  PRIMARY KEY (`id`),
  KEY `FKCBA84459E9ACB946` (`district_id`),
  KEY `FKCBA8445942FC1626` (`city_id`),
  CONSTRAINT `FKCBA8445942FC1626` FOREIGN KEY (`city_id`) REFERENCES `city` (`id`),
  CONSTRAINT `FKCBA84459E9ACB946` FOREIGN KEY (`district_id`) REFERENCES `district` (`id`)
)
  ENGINE = InnoDB
  AUTO_INCREMENT = 498
  DEFAULT CHARSET = utf8;

--
-- Dumping data for table `khoroo`
--

/*!40000 ALTER TABLE `khoroo`
  DISABLE KEYS */;
INSERT INTO `team_sections` (`id`, `name`, `city_province_id`, `sum_district_id`) VALUES
  (1, '01', 20, 345),
  (2, '02', 20, 345),
  (3, '03', 20, 345),
  (4, '04', 20, 345),
  (5, '05', 20, 345),
  (6, '06', 20, 345),
  (7, '07', 20, 345),
  (8, '08', 20, 345),
  (9, '09', 20, 345),
  (10, '10', 20, 345),
  (11, '11', 20, 345),
  (12, '12', 20, 345),
  (13, '13', 20, 345),
  (14, '14', 20, 345),
  (15, '15', 20, 345),
  (16, '16', 20, 345),
  (17, '17', 20, 345),
  (18, '18', 20, 345),
  (19, '19', 20, 345),
  (20, '20', 20, 345),
  (22, '1', 7, 114),
  (23, '01', 20, 343),
  (24, '02', 20, 343),
  (25, '03', 20, 343),
  (26, '04', 20, 343),
  (27, '05', 20, 343),
  (28, '06', 20, 343),
  (29, '06', 20, 343),
  (30, '07', 20, 343),
  (31, '08', 20, 343),
  (32, '09', 20, 343),
  (33, '09', 20, 343),
  (34, '10', 20, 343),
  (35, '11', 20, 343),
  (36, '11', 20, 343),
  (37, '12', 20, 343),
  (38, '12', 20, 343),
  (39, '13', 20, 343),
  (40, '14', 20, 343),
  (41, '14', 20, 343),
  (42, '15', 20, 343),
  (43, '15', 20, 343),
  (44, '16', 20, 343),
  (45, '16', 20, 343),
  (46, '17', 20, 343),
  (47, '18', 20, 343),
  (48, '19', 20, 343),
  (49, '20', 20, 343),
  (50, '21', 20, 343),
  (51, '22', 20, 343),
  (52, '23', 20, 343),
  (53, '24', 20, 343),
  (54, '25', 20, 343),
  (55, '26', 20, 343),
  (56, '27', 20, 343),
  (57, '28', 20, 343),
  (58, '01', 20, 342),
  (59, '02', 20, 342),
  (60, '03', 20, 342),
  (61, '04', 20, 342),
  (62, '05', 20, 342),
  (63, '06', 20, 342),
  (64, '07', 20, 342),
  (65, '08', 20, 342),
  (66, '09', 20, 342),
  (67, '10', 20, 342),
  (68, '11', 20, 342),
  (69, '12', 20, 342),
  (70, '13', 20, 342),
  (71, '14', 20, 342),
  (72, '15', 20, 342),
  (73, '16', 20, 342),
  (74, '17', 20, 342),
  (75, '18', 20, 342),
  (76, '19', 20, 342),
  (77, '20', 20, 342),
  (78, '21', 20, 342),
  (79, '01', 20, 344),
  (80, '01', 20, 348),
  (81, '02', 20, 344),
  (82, '02', 20, 348),
  (83, '03', 20, 344),
  (84, '04', 20, 344),
  (85, '03', 20, 348),
  (86, '05', 20, 344),
  (87, '06', 20, 344),
  (88, '04', 20, 348),
  (89, '07', 20, 344),
  (90, '08', 20, 344),
  (91, '05', 20, 348),
  (92, '09', 20, 344),
  (93, '10', 20, 344),
  (94, '06', 20, 348),
  (95, '11', 20, 344),
  (96, '07', 20, 348),
  (97, '12', 20, 344),
  (98, '13', 20, 344),
  (99, '14', 20, 344),
  (100, '01', 20, 349),
  (101, '15', 20, 344),
  (102, '02', 20, 349),
  (103, '16', 20, 344),
  (104, '17', 20, 344),
  (105, '03', 20, 349),
  (106, '18', 20, 344),
  (107, '19', 20, 344),
  (108, '04', 20, 349),
  (109, '20', 20, 344),
  (110, '21', 20, 344),
  (111, '05', 20, 349),
  (112, '22', 20, 344),
  (113, '23', 20, 344),
  (114, '24', 20, 344),
  (115, '25', 20, 344),
  (116, '06', 20, 349),
  (117, '26', 20, 344),
  (118, '27', 20, 344),
  (119, '07', 20, 349),
  (120, '28', 20, 344),
  (121, '01', 20, 350),
  (122, '29', 20, 344),
  (123, '30', 20, 344),
  (124, '02', 20, 350),
  (125, '01', 20, 346),
  (126, '03', 20, 350),
  (127, '02', 20, 346),
  (128, '04', 20, 350),
  (129, '03', 20, 346),
  (130, '05', 20, 350),
  (131, '04', 20, 346),
  (132, '05', 20, 346),
  (133, '06', 20, 346),
  (134, '07', 20, 346),
  (135, '08', 20, 346),
  (136, '09', 20, 346),
  (137, '06', 20, 350),
  (138, '10', 20, 346),
  (139, '11', 20, 346),
  (140, '12', 20, 346),
  (141, '13', 20, 346),
  (142, '07', 20, 350),
  (143, '14', 20, 346),
  (144, '15', 20, 346),
  (145, '16', 20, 346),
  (146, '17', 20, 346),
  (147, '18', 20, 346),
  (148, '19', 20, 346),
  (149, '20', 20, 346),
  (150, '21', 20, 346),
  (151, '22', 20, 346),
  (152, '23', 20, 346),
  (153, '24', 20, 346),
  (154, '01', 20, 347),
  (155, '25', 20, 346),
  (156, '02', 20, 347),
  (157, '03', 20, 347),
  (158, '04', 20, 347),
  (159, '05', 20, 347),
  (160, '06', 20, 347),
  (161, '07', 20, 347),
  (162, '08', 20, 347),
  (163, '09', 20, 347),
  (164, '10', 20, 347),
  (165, '11', 20, 347),
  (166, '12', 20, 347),
  (167, '13', 20, 347),
  (168, '14', 20, 347),
  (169, '15', 20, 347),
  (170, '16', 20, 347),
  (171, '17', 20, 347),
  (172, '18', 20, 347),
  (173, '19', 20, 347),
  (174, '20', 20, 347),
  (175, '1-р баг', 1, 1),
  (176, '2-р баг', 1, 1),
  (177, '3-р баг', 1, 1),
  (178, '4-р баг', 1, 1),
  (179, '5-р баг', 1, 1),
  (180, '6-р баг', 1, 1),
  (181, '7-р баг', 1, 1),
  (182, '8-р баг', 1, 1),
  (183, '9-р баг', 1, 1),
  (184, '10-р баг', 1, 1),
  (185, '1-р баг', 1, 2),
  (186, '2-р баг', 1, 2),
  (187, '3-р баг', 1, 2),
  (188, '4-р баг', 1, 2),
  (189, '5-р баг', 1, 2),
  (190, '6-р баг', 1, 2),
  (191, '7-р баг', 1, 2),
  (192, '8-р баг', 1, 2),
  (193, '9-р баг', 1, 2),
  (194, '1-р баг', 1, 3),
  (195, '2-р баг', 1, 3),
  (196, '3-р баг', 1, 3),
  (197, '4-р баг', 1, 3),
  (198, '5-р баг', 1, 3),
  (199, '6-р баг', 1, 3),
  (200, '7-р баг', 1, 3),
  (201, '8-р баг', 1, 3),
  (202, '9-р баг', 1, 3),
  (203, '1-р баг', 1, 4),
  (204, '2-р баг', 1, 4),
  (205, '3-р баг', 1, 4),
  (206, '4-р баг', 1, 4),
  (207, '5-р баг', 1, 4),
  (208, '6-р баг', 1, 4),
  (209, '7-р баг', 1, 4),
  (210, '8-р баг', 1, 4),
  (211, '9-р баг', 1, 4),
  (212, '1-р баг', 1, 5),
  (213, '2-р баг', 1, 5),
  (214, '3-р баг', 1, 5),
  (215, '4-р баг', 1, 5),
  (216, '5-р баг', 1, 5),
  (217, '6-р баг', 1, 5),
  (218, '7-р баг', 1, 5),
  (219, '8-р баг', 1, 5),
  (220, '9-р баг', 1, 5),
  (221, '1-р баг', 1, 6),
  (222, '2-р баг', 1, 6),
  (223, '3-р баг', 1, 6),
  (224, '4-р баг', 1, 6),
  (225, '5-р баг', 1, 6),
  (226, '6-р баг', 1, 6),
  (227, '7-р баг', 1, 6),
  (228, '8-р баг', 1, 6),
  (229, '9-р баг', 1, 6),
  (230, '1-р баг', 1, 7),
  (231, '2-р баг', 1, 7),
  (232, '3-р баг', 1, 7),
  (233, '4-р баг', 1, 7),
  (234, '5-р баг', 1, 7),
  (235, '6-р баг', 1, 7),
  (236, '7-р баг', 1, 7),
  (237, '8-р баг', 1, 7),
  (238, '9-р баг', 1, 7),
  (239, '1-р баг', 1, 8),
  (240, '2-р баг', 1, 8),
  (241, '3-р баг', 1, 8),
  (242, '4-р баг', 1, 8),
  (243, '5-р баг', 1, 8),
  (244, '6-р баг', 1, 8),
  (245, '7-р баг', 1, 8),
  (246, '8-р баг', 1, 8),
  (247, '9-р баг', 1, 8),
  (248, '1-р баг', 1, 9),
  (249, '2-р баг', 1, 9),
  (250, '3-р баг', 1, 9),
  (251, '4-р баг', 1, 9),
  (252, '5-р баг', 1, 9),
  (253, '6-р баг', 1, 9),
  (254, '7-р баг', 1, 9),
  (255, '8-р баг', 1, 9),
  (256, '9-р баг', 1, 9),
  (257, '1-р баг', 1, 10),
  (258, '2-р баг', 1, 10),
  (259, '3-р баг', 1, 10),
  (260, '4-р баг', 1, 10),
  (261, '5-р баг', 1, 10),
  (262, '6-р баг', 1, 10),
  (263, '7-р баг', 1, 10),
  (264, '8-р баг', 1, 10),
  (265, '9-р баг', 1, 10),
  (266, '1-р баг', 1, 11),
  (267, '2-р баг', 1, 11),
  (268, '3-р баг', 1, 11),
  (269, '4-р баг', 1, 11),
  (270, '5-р баг', 1, 11),
  (271, '6-р баг', 1, 11),
  (272, '7-р баг', 1, 11),
  (273, '8-р баг', 1, 11),
  (274, '9-р баг', 1, 11),
  (275, '1-р баг', 1, 12),
  (276, '2-р баг', 1, 12),
  (277, '3-р баг', 1, 12),
  (278, '4-р баг', 1, 12),
  (279, '5-р баг', 1, 12),
  (280, '6-р баг', 1, 12),
  (281, '7-р баг', 1, 12),
  (282, '8-р баг', 1, 12),
  (283, '9-р баг', 1, 12),
  (284, '1-р баг', 1, 13),
  (285, '2-р баг', 1, 13),
  (286, '3-р баг', 1, 13),
  (287, '4-р баг', 1, 13),
  (288, '5-р баг', 1, 13),
  (289, '6-р баг', 1, 13),
  (290, '7-р баг', 1, 13),
  (291, '8-р баг', 1, 13),
  (292, '9-р баг', 1, 13),
  (293, '1-р баг', 1, 14),
  (294, '2-р баг', 1, 14),
  (295, '3-р баг', 1, 14),
  (296, '4-р баг', 1, 14),
  (297, '5-р баг', 1, 14),
  (298, '6-р баг', 1, 14),
  (299, '7-р баг', 1, 14),
  (300, '8-р баг', 1, 14),
  (301, '9-р баг', 1, 14),
  (302, '1-р баг', 1, 15),
  (303, '2-р баг', 1, 15),
  (304, '3-р баг', 1, 15),
  (305, '4-р баг', 1, 15),
  (306, '5-р баг', 1, 15),
  (307, '6-р баг', 1, 15),
  (308, '7-р баг', 1, 15),
  (309, '8-р баг', 1, 15),
  (310, '9-р баг', 1, 15),
  (311, '1-р баг', 1, 16),
  (312, '2-р баг', 1, 16),
  (313, '3-р баг', 1, 16),
  (314, '4-р баг', 1, 16),
  (315, '5-р баг', 1, 16),
  (316, '6-р баг', 1, 16),
  (317, '7-р баг', 1, 16),
  (318, '8-р баг', 1, 16),
  (319, '9-р баг', 1, 16),
  (320, '1-р баг', 1, 17),
  (321, '2-р баг', 1, 17),
  (322, '3-р баг', 1, 17),
  (323, '4-р баг', 1, 17),
  (324, '5-р баг', 1, 17),
  (325, '6-р баг', 1, 17),
  (326, '7-р баг', 1, 17),
  (327, '8-р баг', 1, 17),
  (328, '9-р баг', 1, 17),
  (329, '1-р баг', 1, 18),
  (330, '2-р баг', 1, 18),
  (331, '3-р баг', 1, 18),
  (332, '4-р баг', 1, 18),
  (333, '5-р баг', 1, 18),
  (334, '6-р баг', 1, 18),
  (335, '7-р баг', 1, 18),
  (336, '8-р баг', 1, 18),
  (337, '9-р баг', 1, 18),
  (338, '1-р баг', 1, 19),
  (339, '2-р баг', 1, 19),
  (340, '3-р баг', 1, 19),
  (341, '4-р баг', 1, 19),
  (342, '5-р баг', 1, 19),
  (343, '6-р баг', 1, 19),
  (344, '7-р баг', 1, 19),
  (345, '8-р баг', 1, 19),
  (346, '9-р баг', 1, 19),
  (347, '1-р баг', 1, 20),
  (348, '2-р баг', 1, 20),
  (349, '3-р баг', 1, 20),
  (350, '4-р баг', 1, 20),
  (351, '5-р баг', 1, 20),
  (352, '6-р баг', 1, 20),
  (353, '7-р баг', 1, 20),
  (354, '8-р баг', 1, 20),
  (355, '9-р баг', 1, 20),
  (356, '1-р баг', 11, 183),
  (357, '2-р баг', 11, 183),
  (358, '3-р баг', 11, 183),
  (359, '4-р баг', 11, 183),
  (360, '5-р баг', 11, 183),
  (361, '6-р баг', 11, 183),
  (362, '7-р баг', 11, 183),
  (363, '8-р баг', 11, 183),
  (364, '9-р баг', 11, 183),
  (365, '10-р баг', 11, 183),
  (366, '11-р баг', 11, 183),
  (367, '1-р баг', 11, 184),
  (368, '2-р баг', 11, 184),
  (369, '3-р баг', 11, 184),
  (370, '4-р баг', 11, 184),
  (371, '5-р баг', 11, 184),
  (372, '6-р баг', 11, 184),
  (373, '7-р баг', 11, 184),
  (374, '8-р баг', 11, 184),
  (375, '9-р баг', 11, 184),
  (376, '1-р баг', 11, 185),
  (377, '2-р баг', 11, 185),
  (378, '3-р баг', 11, 185),
  (379, '4-р баг', 11, 185),
  (380, '5-р баг', 11, 185),
  (381, '6-р баг', 11, 185),
  (382, '7-р баг', 11, 185),
  (383, '8-р баг', 11, 185),
  (384, '9-р баг', 11, 185),
  (385, '1-р баг', 11, 186),
  (386, '2-р баг', 11, 186),
  (387, '3-р баг', 11, 186),
  (388, '4-р баг', 11, 186),
  (389, '5-р баг', 11, 186),
  (390, '6-р баг', 11, 186),
  (391, '7-р баг', 11, 186),
  (392, '8-р баг', 11, 186),
  (393, '9-р баг', 11, 186),
  (394, '1-р баг', 11, 187),
  (395, '2-р баг', 11, 187),
  (396, '3-р баг', 11, 187),
  (397, '4-р баг', 11, 187),
  (398, '5-р баг', 11, 187),
  (399, '6-р баг', 11, 187),
  (400, '7-р баг', 11, 187),
  (401, '8-р баг', 11, 187),
  (402, '9-р баг', 11, 187),
  (403, '1-р баг', 11, 188),
  (404, '2-р баг', 11, 188),
  (405, '3-р баг', 11, 188),
  (406, '4-р баг', 11, 188),
  (407, '5-р баг', 11, 188),
  (408, '6-р баг', 11, 188),
  (409, '7-р баг', 11, 188),
  (410, '8-р баг', 11, 188),
  (411, '9-р баг', 11, 188),
  (412, '1-р баг', 11, 189),
  (413, '2-р баг', 11, 189),
  (414, '3-р баг', 11, 189),
  (415, '4-р баг', 11, 189),
  (416, '5-р баг', 11, 189),
  (417, '6-р баг', 11, 189),
  (418, '7-р баг', 11, 189),
  (419, '8-р баг', 11, 189),
  (420, '9-р баг', 11, 189),
  (421, '1-р баг', 11, 190),
  (422, '2-р баг', 11, 190),
  (423, '3-р баг', 11, 190),
  (424, '4-р баг', 11, 190),
  (425, '5-р баг', 11, 190),
  (426, '6-р баг', 11, 190),
  (427, '7-р баг', 11, 190),
  (428, '8-р баг', 11, 190),
  (429, '9-р баг', 11, 190),
  (430, '1-р баг', 11, 191),
  (431, '2-р баг', 11, 191),
  (432, '3-р баг', 11, 191),
  (433, '4-р баг', 11, 191),
  (434, '5-р баг', 11, 191),
  (435, '6-р баг', 11, 191),
  (436, '7-р баг', 11, 191),
  (437, '8-р баг', 11, 191),
  (438, '9-р баг', 11, 191),
  (439, '1-р баг', 11, 192),
  (440, '2-р баг', 11, 192),
  (441, '3-р баг', 11, 192),
  (442, '4-р баг', 11, 192),
  (443, '5-р баг', 11, 192),
  (444, '6-р баг', 11, 192),
  (445, '7-р баг', 11, 192),
  (446, '8-р баг', 11, 192),
  (447, '9-р баг', 11, 192),
  (448, '1-р баг', 11, 193),
  (449, '2-р баг', 11, 193),
  (450, '3-р баг', 11, 193),
  (451, '4-р баг', 11, 193),
  (452, '5-р баг', 11, 193),
  (453, '6-р баг', 11, 193),
  (454, '7-р баг', 11, 193),
  (455, '8-р баг', 11, 193),
  (456, '9-р баг', 11, 193),
  (457, '1-р баг', 11, 194),
  (458, '2-р баг', 11, 194),
  (459, '3-р баг', 11, 194),
  (460, '4-р баг', 11, 194),
  (461, '5-р баг', 11, 194),
  (462, '6-р баг', 11, 194),
  (463, '7-р баг', 11, 194),
  (464, '8-р баг', 11, 194),
  (465, '9-р баг', 11, 194),
  (466, '1-р баг', 11, 195),
  (467, '2-р баг', 11, 195),
  (468, '3-р баг', 11, 195),
  (469, '4-р баг', 11, 195),
  (470, '5-р баг', 11, 195),
  (471, '6-р баг', 11, 195),
  (472, '7-р баг', 11, 195),
  (473, '8-р баг', 11, 195),
  (474, '9-р баг', 11, 195),
  (475, '1-р баг', 11, 196),
  (476, '2-р баг', 11, 196),
  (477, '3-р баг', 11, 196),
  (478, '4-р баг', 11, 196),
  (479, '5-р баг', 11, 196),
  (480, '6-р баг', 11, 196),
  (481, '7-р баг', 11, 196),
  (482, '8-р баг', 11, 196),
  (483, '9-р баг', 11, 196),
  (484, '1-р баг', 11, 197),
  (485, '2-р баг', 11, 197),
  (486, '3-р баг', 11, 197),
  (487, '4-р баг', 11, 197),
  (488, '5-р баг', 11, 197),
  (489, '6-р баг', 11, 197),
  (490, '7-р баг', 11, 197),
  (491, '8-р баг', 11, 197),
  (492, '9-р баг', 11, 197),
  (493, '09', 12, 204),
  (494, '06', 19, 197),
  (495, '07', 13, 215),
  (496, '05', 19, 197),
  (497, '18', 12, 201);
/*!40000 ALTER TABLE `khoroo`
  ENABLE KEYS */;


/*!40101 SET SQL_MODE = @OLD_SQL_MODE */;
/*!40014 SET FOREIGN_KEY_CHECKS = @OLD_FOREIGN_KEY_CHECKS */;
/*!40014 SET UNIQUE_CHECKS = @OLD_UNIQUE_CHECKS */;
/*!40101 SET CHARACTER_SET_CLIENT = @OLD_CHARACTER_SET_CLIENT */;
/*!40101 SET CHARACTER_SET_RESULTS = @OLD_CHARACTER_SET_RESULTS */;
/*!40101 SET COLLATION_CONNECTION = @OLD_COLLATION_CONNECTION */;
/*!40101 SET CHARACTER_SET_CLIENT = @OLD_CHARACTER_SET_CLIENT */;
